{"L1": 0.02776964267772594, "Style": 0.04060706957292253, "Perceptual": 0.07563629442977643, "advg": 0.0004003801913475532, "advd": 0.0014610208365883172}