{"L1": 0.025840273800434944, "Style": 0.03670803106472321, "Perceptual": 0.0673916792587332, "advg": 0.0004165998549993606, "advd": 0.001287881713150996}