{"L1": 0.02929172272384837, "Style": 0.043132829449620325, "Perceptual": 0.08027384005513029, "advg": 0.0004150932686131561, "advd": 0.0017173843148945767}