{"L1": 0.023092270280508653, "Style": 0.03292955710659216, "Perceptual": 0.05939276062923929, "advg": 0.00039870211342846537, "advd": 0.0009143328307561325}