{"L1": 0.024911896229304117, "Style": 0.03545029547348477, "Perceptual": 0.06477681912950937, "advg": 0.00041215129096107623, "advd": 0.0010240205760281128}