{"L1": 0.022273432573946803, "Style": 0.03214179297936135, "Perceptual": 0.05799033305235859, "advg": 0.0003747335183493517, "advd": 0.0011145149049760444}