{"L1": 0.028905043475281472, "Style": 0.042181720145452566, "Perceptual": 0.07886803661031404, "advg": 0.00040988087318757026, "advd": 0.0019770242028273955}