{"L1": 0.027270442521807433, "Style": 0.040046493420894, "Perceptual": 0.07440272795929127, "advg": 0.00041433123396217655, "advd": 0.0021106909546336912}