{"L1": 0.024447797961451155, "Style": 0.034347814291823604, "Perceptual": 0.06222899496529264, "advg": 0.00042173407448749874, "advd": 0.0012216121797181435}