{"L1": 0.025305151994079948, "Style": 0.03720913381445622, "Perceptual": 0.06792224616813904, "advg": 0.0004165643293239062, "advd": 0.0018923531219350363}