{"L1": 0.023895719494467702, "Style": 0.03433941727060116, "Perceptual": 0.06241414048287763, "advg": 0.0003953764750637303, "advd": 0.0009128432259820766}