{"L1": 0.023725421475558384, "Style": 0.0338454581259553, "Perceptual": 0.06142867940000032, "advg": 0.0004139640319094426, "advd": 0.0009926945015225769}