{"L1": 0.025185054352647555, "Style": 0.03563074115617224, "Perceptual": 0.06460609956775261, "advg": 0.00043189272273219973, "advd": 0.0017224269031312419}