{"L1": 0.03004860359317121, "Style": 0.0441567270831763, "Perceptual": 0.08210321219413654, "advg": 0.0004208252114512439, "advd": 0.0020765489646808817}