{"L1": 0.02493708868437018, "Style": 0.03614317824824833, "Perceptual": 0.06617829185360852, "advg": 0.00038676872704936007, "advd": 0.0012356910719759178}