{"L1": 0.026384961895825253, "Style": 0.03763679976946023, "Perceptual": 0.06973194445333053, "advg": 0.0004252068685613865, "advd": 0.001578377063236056}