{"L1": 0.025131326800362133, "Style": 0.03544384313478269, "Perceptual": 0.06467300942954214, "advg": 0.0004263531601521884, "advd": 0.0010105913839363128}