{"L1": 0.02680180837511495, "Style": 0.03907421860063839, "Perceptual": 0.07262043468002556, "advg": 0.0003861208606955703, "advd": 0.0013654829964011362}