{"L1": 0.025341837323209767, "Style": 0.03628194990518062, "Perceptual": 0.0664690520925292, "advg": 0.00039723794644834753, "advd": 0.0012619425501104926}