{"L1": 0.023876640389718557, "Style": 0.03390343677995355, "Perceptual": 0.0619952442065842, "advg": 0.0004086908333425808, "advd": 0.0012419467713483863}