{"L1": 0.025152330742920864, "Style": 0.03534992310455416, "Perceptual": 0.06494593097903263, "advg": 0.0004266934494053807, "advd": 0.0011410638744991743}