{"L1": 0.02649122443159987, "Style": 0.03865160909562797, "Perceptual": 0.071975602886115, "advg": 0.00039219102997508704, "advd": 0.0013962897010314792}