{"L1": 0.02515107991945544, "Style": 0.0361430867193923, "Perceptual": 0.06583777811287017, "advg": 0.00040940167232831487, "advd": 0.001554548304347659}