{"L1": 0.024542850800610704, "Style": 0.03477320777227183, "Perceptual": 0.06358765173742528, "advg": 0.00039002639223469727, "advd": 0.00126691834519307}