{"L1": 0.023431281631543434, "Style": 0.03322606551894236, "Perceptual": 0.06059412759957255, "advg": 0.00037848274543861445, "advd": 0.0010283071002578899}