{"L1": 0.029511755442424587, "Style": 0.042628010359780304, "Perceptual": 0.07961761085190873, "advg": 0.00042786805710022063, "advd": 0.0019266748415987963}