{"L1": 0.025363521806584827, "Style": 0.0362660966404918, "Perceptual": 0.06659153703393518, "advg": 0.0004153043067230465, "advd": 0.001510912915301137}