{"L1": 0.02340958910975149, "Style": 0.033743262817354305, "Perceptual": 0.06041251025863107, "advg": 0.0003913809750530425, "advd": 0.0009119251293430472}