{"L1": 0.02857578526307335, "Style": 0.041922259028593284, "Perceptual": 0.07851533421958941, "advg": 0.0004214278072114083, "advd": 0.0018942364898492329}