{"L1": 0.02654257148428858, "Style": 0.03706672173300604, "Perceptual": 0.06770437162486778, "advg": 0.0004397357238862303, "advd": 0.00142640816416408}