{"L1": 0.023603097608509375, "Style": 0.03380126605505707, "Perceptual": 0.06175346554036828, "advg": 0.0003950805623084601, "advd": 0.0009511027422989322}