{"L1": 0.02589931904335042, "Style": 0.037014344007592244, "Perceptual": 0.06759819438655873, "advg": 0.00043721639409214567, "advd": 0.0015958397245280206}