{"L1": 0.02575902459674749, "Style": 0.0375187397999191, "Perceptual": 0.06912902802571483, "advg": 0.0003961694361588281, "advd": 0.0014878177636496073}