{"L1": 0.02752623795184946, "Style": 0.03922503174695446, "Perceptual": 0.0725670639967275, "advg": 0.00043014018150562875, "advd": 0.0016623762397578719}