{"L1": 0.02710750985374932, "Style": 0.03975789602715587, "Perceptual": 0.07282887460912453, "advg": 0.000416726233411232, "advd": 0.00214062561363839}