{"L1": 0.024381280436633394, "Style": 0.034529715429699195, "Perceptual": 0.06250023827801968, "advg": 0.00041827268502431296, "advd": 0.0012265970075384831}