{"L1": 0.023422024827841476, "Style": 0.03317752524257183, "Perceptual": 0.06044219304499836, "advg": 0.0003953278293360266, "advd": 0.0009457586205860917}