{"L1": 0.025395267485021456, "Style": 0.03624845689152373, "Perceptual": 0.06642843769125079, "advg": 0.00041672293672173215, "advd": 0.001293942246949795}