{"L1": 0.02562041930004448, "Style": 0.036300309476671164, "Perceptual": 0.06636908727659398, "advg": 0.0004237938972713512, "advd": 0.00120795749835029}