{"L1": 0.023857339567131083, "Style": 0.03381660881674272, "Perceptual": 0.06035421460937673, "advg": 0.0004149201387909277, "advd": 0.0009686228616481859}