{"L1": 0.026600442539113037, "Style": 0.038628860595061265, "Perceptual": 0.07134702811943835, "advg": 0.0004185161431924305, "advd": 0.0019204246734531218}