{"L1": 0.02724069308886106, "Style": 0.03966226111092176, "Perceptual": 0.07290851424398391, "advg": 0.00041835461253503307, "advd": 0.0017354396968771559}