{"L1": 0.0256526427406786, "Style": 0.03725824038079684, "Perceptual": 0.06912248974376503, "advg": 0.0003955650715824191, "advd": 0.0015403459255022031}