{"L1": 0.0289144116143851, "Style": 0.042143980230110276, "Perceptual": 0.07807619649282042, "advg": 0.00042358694767252015, "advd": 0.0019323367177067226}