{"L1": 0.02366994378082026, "Style": 0.03362685581506311, "Perceptual": 0.06072434867503702, "advg": 0.00041193434738308815, "advd": 0.001378781356034269}