{"L1": 0.027028908051070066, "Style": 0.03867501318678148, "Perceptual": 0.07166876473735416, "advg": 0.0004327808749809171, "advd": 0.0012660395113971367}