{"L1": 0.023817723626266236, "Style": 0.03352753962597241, "Perceptual": 0.06018267303466916, "advg": 0.0004117759273628741, "advd": 0.0011564055354757873}