{"L1": 0.023743551099502568, "Style": 0.033832726877709586, "Perceptual": 0.061039439589157515, "advg": 0.00039657859764869645, "advd": 0.000904350789185947}