{"L1": 0.024416121416378472, "Style": 0.03453400246273058, "Perceptual": 0.06315985102037053, "advg": 0.00042373159177066415, "advd": 0.0015301376119075986}