{"L1": 0.02669026303025468, "Style": 0.037633133856211975, "Perceptual": 0.0692241159600505, "advg": 0.00045428045312785365, "advd": 0.0012418403984761578}