{"L1": 0.024165472170260775, "Style": 0.034222772859710864, "Perceptual": 0.06226220393626914, "advg": 0.0004135163388049914, "advd": 0.0009182287465697248}