{"L1": 0.024183382639947206, "Style": 0.03375188871726639, "Perceptual": 0.06085967142479322, "advg": 0.0004348489630147099, "advd": 0.0008821218588348509}