{"L1": 0.02430880279291881, "Style": 0.034065217209299434, "Perceptual": 0.06193288137623365, "advg": 0.0004105114934925597, "advd": 0.0013684503677521308}