{"L1": 0.023277463389328797, "Style": 0.032834301644034204, "Perceptual": 0.05948257611888549, "advg": 0.0003968523274089488, "advd": 0.0008165415892106467}