{"L1": 0.030318559999849976, "Style": 0.04446022246900512, "Perceptual": 0.08288173129533542, "advg": 0.00044978829029879716, "advd": 0.0024064126178506952}