{"L1": 0.025880187619309956, "Style": 0.03729668933468155, "Perceptual": 0.06825239242411506, "advg": 0.00039603794460787783, "advd": 0.0014017770360048249}