{"L1": 0.025459561500463752, "Style": 0.036158968743378074, "Perceptual": 0.06556303564390202, "advg": 0.00041969380796423947, "advd": 0.0012196848545732676}