{"L1": 0.025747217447857657, "Style": 0.03727993269686935, "Perceptual": 0.06873451099767797, "advg": 0.0003995296136817247, "advd": 0.0014688381326499577}