{"L1": 0.02967046823739812, "Style": 0.04333683026573811, "Perceptual": 0.08134927670250292, "advg": 0.00043337748283833684, "advd": 0.0023031510649218915}