{"L1": 0.025882350555483786, "Style": 0.03728287563850542, "Perceptual": 0.06831347984613209, "advg": 0.0004103283293326523, "advd": 0.0013693244499177661}