{"L1": 0.02444659997785891, "Style": 0.03421599217278623, "Perceptual": 0.06271446727286989, "advg": 0.0004085651870660843, "advd": 0.0013200047623963772}