{"L1": 0.027656306937124685, "Style": 0.0400864753052071, "Perceptual": 0.07479264323824439, "advg": 0.0004068904243539059, "advd": 0.0016016865681632462}