{"L1": 0.024259457935293813, "Style": 0.03425486063606095, "Perceptual": 0.06268121970948698, "advg": 0.00042708113891070016, "advd": 0.0011870497361102926}