{"L1": 0.024151781808700354, "Style": 0.034610956863056624, "Perceptual": 0.06307347127697666, "advg": 0.0003989655856044998, "advd": 0.001415666180706132}