{"L1": 0.024967072046837065, "Style": 0.034962101105967355, "Perceptual": 0.06385806042222546, "advg": 0.00042883258086660056, "advd": 0.0010811630383894995}