{"L1": 0.03023177781689173, "Style": 0.0447825011808885, "Perceptual": 0.0841721225081236, "advg": 0.000433700514369964, "advd": 0.0021709207928076136}