{"L1": 0.02816770523265265, "Style": 0.0409306974286611, "Perceptual": 0.07623860934774379, "advg": 0.00042066542290154595, "advd": 0.002404491642996452}