{"L1": 0.026416366828185715, "Style": 0.03792461535722568, "Perceptual": 0.06954669003383718, "advg": 0.00044496836877836387, "advd": 0.0017268115427813127}