{"L1": 0.0271586276858911, "Style": 0.03914052420442385, "Perceptual": 0.07185614217111821, "advg": 0.0004032894433188797, "advd": 0.0015429928234484776}