{"L1": 0.023825901258189505, "Style": 0.03358188532488323, "Perceptual": 0.06067358996572046, "advg": 0.00041975159406089347, "advd": 0.0008862812417906623}