{"L1": 0.02489988732643645, "Style": 0.03487289733188725, "Perceptual": 0.06357169965713069, "advg": 0.0004173068010905021, "advd": 0.001058002674968363}