{"L1": 0.027139608656102304, "Style": 0.03840289202596488, "Perceptual": 0.07060731788431628, "advg": 0.0004287662268761276, "advd": 0.0012454519309499502}