{"L1": 0.023489808696305854, "Style": 0.033072819091334964, "Perceptual": 0.059810238476583864, "advg": 0.0004012572581603357, "advd": 0.001361678713483902}