{"L1": 0.024578773205739625, "Style": 0.03456368280722685, "Perceptual": 0.06301741727322027, "advg": 0.0004148024961597477, "advd": 0.0010596907462825655}