{"L1": 0.023413504870875606, "Style": 0.03317135301810028, "Perceptual": 0.05974275272140379, "advg": 0.0004077802482154924, "advd": 0.0008758325342249169}