{"L1": 0.026980758753085303, "Style": 0.03904413003223142, "Perceptual": 0.07306880179768441, "advg": 0.0004037208222199099, "advd": 0.0020213274283301}