{"L1": 0.02490288107634998, "Style": 0.03595116890702529, "Perceptual": 0.06601143965608385, "advg": 0.0003924478136877775, "advd": 0.0012134593600502698}