{"L1": 0.029889289263183478, "Style": 0.044323759682677585, "Perceptual": 0.08249638430487508, "advg": 0.00042046984753653957, "advd": 0.0022568074935403275}