{"L1": 0.024259285614786224, "Style": 0.03491040013743558, "Perceptual": 0.06286387166928971, "advg": 0.0004097435575897458, "advd": 0.0010694352128318035}