{"L1": 0.027452109394821227, "Style": 0.04027071711549099, "Perceptual": 0.07505158600078589, "advg": 0.00039794458215525755, "advd": 0.0016249088355931188}