{"L1": 0.026760642511955368, "Style": 0.038582586512055206, "Perceptual": 0.07165722352736953, "advg": 0.00041010833075486264, "advd": 0.0016019000828229768}