{"L1": 0.024568957681332465, "Style": 0.034940337905123166, "Perceptual": 0.06447938446054186, "advg": 0.00040536667358464037, "advd": 0.0012087761477342555}