{"L1": 0.023477338243281465, "Style": 0.03353882460589188, "Perceptual": 0.061277738006702664, "advg": 0.00040167392296854335, "advd": 0.0010129926083024294}