{"L1": 0.024366318794392768, "Style": 0.033725353002525875, "Perceptual": 0.06094177529078046, "advg": 0.0004158165538616492, "advd": 0.0010103828863011614}