{"L1": 0.02334954090456458, "Style": 0.03261781113244582, "Perceptual": 0.05884194339922015, "advg": 0.0003963137242952894, "advd": 0.0014077779408474779}