{"L1": 0.025183723239029857, "Style": 0.03586221538341675, "Perceptual": 0.06464907701784882, "advg": 0.00042418262387151754, "advd": 0.0009993034692378825}