{"L1": 0.023527263591102306, "Style": 0.033670358394255404, "Perceptual": 0.06077936499834299, "advg": 0.00041912313968092615, "advd": 0.001203834063443233}