{"L1": 0.02678765881078682, "Style": 0.038844220606011635, "Perceptual": 0.07106852315101905, "advg": 0.0004195856953307041, "advd": 0.001984085542939754}