{"L1": 0.027578615817589976, "Style": 0.04083362735457893, "Perceptual": 0.07604695266593939, "advg": 0.00040045052281908463, "advd": 0.0019387209615768976}