{"L1": 0.02608522634370544, "Style": 0.03704815943758453, "Perceptual": 0.06792716602927473, "advg": 0.00043129486146874403, "advd": 0.0010843207541322921}