{"L1": 0.02883082464558893, "Style": 0.042105692894901264, "Perceptual": 0.07820619325684583, "advg": 0.00041672675556118525, "advd": 0.0017657293494006939}