{"L1": 0.023481068644916517, "Style": 0.03326868018934104, "Perceptual": 0.05997426781164802, "advg": 0.00042232170471453594, "advd": 0.0009190889905543938}