{"L1": 0.02559347126585455, "Style": 0.03692971740377837, "Perceptual": 0.06788015836986645, "advg": 0.00041497535669438956, "advd": 0.0016074071112369098}