{"L1": 0.023872525493350477, "Style": 0.0336444122667449, "Perceptual": 0.061134551793731555, "advg": 0.00042328189654190285, "advd": 0.0010760779263689821}