{"L1": 0.025148709411446615, "Style": 0.03565307854786925, "Perceptual": 0.0646199831941064, "advg": 0.00042536189591205897, "advd": 0.0009600843135211282}