{"L1": 0.025611835512575107, "Style": 0.03702090693863927, "Perceptual": 0.06796003642330492, "advg": 0.00040617182597100105, "advd": 0.0012301859202272607}