{"L1": 0.02710631547024709, "Style": 0.039634828092711884, "Perceptual": 0.0735352893175184, "advg": 0.0003891546090813893, "advd": 0.0016862512786455122}